City_ID,City,Country,Lat,Lng,Max Temp,Humidity,Cloudiness,Wind Speed,Description
0,Tubuala,PA,9.52,-79.03,86.0,74,40,6.93,scattered clouds
1,Hukuntsi,BW,-24.0,21.75,61.68,26,7,10.45,clear sky
2,Tuatapere,NZ,-46.13,167.68,55.0,64,100,8.01,light rain
3,Virginia Beach,US,36.85,-75.98,70.0,52,0,1.99,clear sky
4,Avarua,CK,-21.21,-159.78,75.2,83,100,10.29,overcast clouds
5,Altay,CN,47.87,88.12,35.35,76,0,1.48,clear sky
6,Mar Del Plata,AR,-38.0,-57.56,50.0,59,40,17.22,scattered clouds
7,Mataura,NZ,-46.19,168.86,55.0,64,100,8.01,overcast clouds
8,Ushuaia,AR,-54.8,-68.3,39.2,51,75,3.8,broken clouds
9,Carahue,CL,-38.7,-73.17,55.4,66,40,8.05,scattered clouds
10,Saint George,US,37.1,-113.58,81.0,9,1,1.25,clear sky
11,Yellowknife,CA,62.46,-114.35,43.0,86,75,5.82,broken clouds
12,Puerto Ayora,EC,-0.74,-90.35,77.0,57,20,21.92,few clouds
13,Rikitea,PF,-23.12,-134.97,72.75,79,0,17.9,clear sky
14,Kamina,CD,-8.74,24.99,73.13,55,0,3.96,clear sky
15,Zlobin,HR,45.29,14.65,69.01,77,75,2.24,broken clouds
16,Cape Town,ZA,-33.93,18.42,59.0,76,20,14.99,few clouds
17,Busselton,AU,-33.65,115.33,43.0,74,0,10.83,clear sky
18,Jamestown,US,42.1,-79.24,52.0,93,90,9.17,overcast clouds
19,Kruisfontein,ZA,-34.0,24.73,57.0,92,100,8.01,light rain
20,Albany,US,42.6,-73.97,60.01,78,98,5.46,light rain
21,Kaoma,ZM,-14.78,24.8,73.4,22,6,3.67,clear sky
22,Khor,RU,47.89,134.95,50.23,95,100,6.64,overcast clouds
23,Mazagao,BR,-0.12,-51.29,95.0,53,40,8.05,scattered clouds
24,Mahebourg,MU,-20.41,57.7,69.8,83,40,3.36,scattered clouds
25,College,US,64.86,-147.8,55.99,50,40,8.05,scattered clouds
26,Sagua La Grande,CU,22.81,-80.08,87.8,66,75,10.29,broken clouds
27,Namibe,AO,-15.2,12.15,65.05,79,100,5.64,overcast clouds
28,Ilulissat,GL,69.22,-51.1,42.8,38,75,14.99,broken clouds
29,Bredasdorp,ZA,-34.53,20.04,57.2,87,100,13.87,light rain
30,Paamiut,GL,61.99,-49.67,39.47,90,100,20.42,light rain
31,Barrow,US,71.29,-156.79,33.8,96,90,12.75,overcast clouds
32,Baherden,TM,38.44,57.43,58.44,32,0,4.41,clear sky
33,Arraial Do Cabo,BR,-22.97,-42.03,84.2,70,0,13.87,clear sky
34,Severo-Kurilsk,RU,50.68,156.12,46.96,87,14,11.01,few clouds
35,Bengkulu,ID,-3.8,102.27,74.7,88,100,4.12,overcast clouds
36,Kodiak,US,57.79,-152.41,51.8,93,90,20.8,moderate rain
37,La Ronge,CA,55.1,-105.28,48.2,70,90,1.9,overcast clouds
38,Cabedelo,BR,-6.98,-34.83,84.2,58,20,16.11,few clouds
39,Namatanai,PG,-3.67,152.43,77.04,79,63,4.92,broken clouds
40,Kidal,ML,18.44,1.41,89.46,34,77,15.59,light rain
41,Fortuna,US,40.6,-124.16,59.0,93,20,3.36,few clouds
42,Aksu,CN,41.12,80.26,58.03,38,100,3.58,overcast clouds
43,Yuzhno-Kurilsk,RU,44.03,145.86,55.02,87,36,8.28,scattered clouds
44,Juneau,US,58.3,-134.42,50.0,93,90,4.97,moderate rain
45,Luderitz,NA,-26.65,15.16,57.22,78,0,8.43,clear sky
46,Kimbe,PG,-5.55,150.14,72.52,88,100,3.15,overcast clouds
47,Narsaq,GL,60.92,-46.05,39.2,80,75,2.24,light rain
48,Punta Arenas,CL,-53.15,-70.92,41.0,48,75,19.46,broken clouds
49,Mana,GF,5.66,-53.78,85.73,63,100,7.54,overcast clouds
50,Touros,BR,-5.2,-35.46,82.4,65,75,18.34,broken clouds
51,Hobart,AU,-42.88,147.33,55.4,82,90,10.29,overcast clouds
52,Chuy,UY,-33.7,-53.46,55.31,62,0,19.22,clear sky
53,Christchurch,NZ,-43.53,172.63,54.0,66,100,2.24,light rain
54,Cayenne,GF,4.93,-52.33,86.0,74,40,9.17,scattered clouds
55,Karatuzskoye,RU,53.61,92.87,28.98,97,0,3.11,clear sky
56,Trinidad,BO,-14.83,-64.9,96.8,47,20,6.93,few clouds
57,Hilo,US,19.73,-155.09,77.0,78,40,3.36,scattered clouds
58,Mathbaria,BD,22.29,89.96,78.73,92,92,1.86,overcast clouds
59,Rosa Zarate,EC,0.33,-79.47,83.79,61,87,4.47,light rain
60,Kavieng,PG,-2.57,150.8,80.91,74,98,7.4,overcast clouds
61,Seddon,AU,-37.81,144.89,69.01,59,0,23.04,clear sky
62,Ulety,RU,51.36,112.48,28.98,96,100,9.95,overcast clouds
63,Josefina,PH,8.2,123.53,77.0,94,95,1.95,overcast clouds
64,Vardo,NO,70.37,31.11,44.6,81,75,11.41,broken clouds
65,Auchi,NG,7.07,6.27,74.07,93,96,2.21,overcast clouds
66,San Buenaventura,MX,27.08,-101.53,86.0,21,0,10.0,clear sky
67,Beisfjord,NO,68.38,17.6,55.4,58,4,6.93,clear sky
68,Muros,ES,42.78,-9.06,55.0,82,42,5.01,scattered clouds
69,Cardoso,BR,-20.08,-49.91,104.81,13,41,5.26,scattered clouds
70,Kasangulu,CD,-4.59,15.17,87.8,52,2,4.7,light rain
71,Meulaboh,ID,4.14,96.13,76.33,83,100,3.85,overcast clouds
72,Ponta Do Sol,PT,32.67,-17.1,73.4,64,40,5.82,scattered clouds
73,Chistoye,RU,56.54,43.0,44.6,93,100,2.39,overcast clouds
74,San Rafael Del Sur,NI,11.85,-86.44,87.8,66,40,4.7,scattered clouds
75,Thompson,CA,55.74,-97.86,39.2,80,90,3.36,overcast clouds
76,Ust-Omchug,RU,61.15,149.63,31.15,94,30,2.19,scattered clouds
77,Atasu,KZ,48.68,71.64,44.55,69,55,8.14,broken clouds
78,Kralendijk,BQ,12.15,-68.27,80.6,78,100,11.41,overcast clouds
79,Olafsvik,IS,64.89,-23.71,43.2,84,100,12.44,moderate rain
80,Bethel,US,41.37,-73.41,60.8,63,40,6.93,scattered clouds
81,Saldanha,ZA,-33.01,17.94,64.4,48,0,6.93,clear sky
82,Salinas,US,36.68,-121.66,93.0,34,1,6.93,haze
83,Winnemucca,US,40.97,-117.74,75.2,13,1,8.05,clear sky
84,Teknaf,BD,20.86,92.31,79.54,89,98,7.67,overcast clouds
85,Shache,CN,38.42,77.24,56.26,38,100,7.7,overcast clouds
86,Viedma,AR,-40.81,-63.0,47.82,49,57,16.73,broken clouds
87,Dikson,RU,73.51,80.55,35.1,85,100,24.63,overcast clouds
88,Aklavik,CA,68.22,-135.01,32.0,85,75,4.7,mist
89,Qaanaaq,GL,77.48,-69.36,21.29,84,0,4.43,clear sky
90,Zhenlai,CN,45.85,123.3,46.65,69,0,12.39,clear sky
91,Atikokan,CA,48.76,-91.62,42.67,60,100,0.22,overcast clouds
92,Longyearbyen,SJ,78.22,15.64,33.8,86,75,9.17,broken clouds
93,Flagstaff,US,35.2,-111.65,78.01,7,1,2.04,clear sky
94,Esperance,AU,-33.87,121.9,50.0,100,90,4.7,light rain
95,Tuktoyaktuk,CA,69.45,-133.04,35.6,100,90,5.82,fog
96,Khatanga,RU,71.97,102.5,25.02,97,27,18.21,scattered clouds
97,Griffith,US,41.53,-87.42,55.0,38,1,5.82,clear sky
98,Najran,SA,17.49,44.13,77.0,17,0,7.4,clear sky
99,Vaini,TO,-21.2,-175.2,71.6,94,75,10.29,broken clouds
100,Leningradskiy,RU,69.38,178.42,33.75,91,100,14.67,overcast clouds
101,Lebu,CL,-37.62,-73.65,49.35,69,59,12.93,broken clouds
102,Rockport,US,28.02,-97.05,82.99,57,1,10.29,clear sky
103,Cidreira,BR,-30.18,-50.21,67.66,94,100,10.38,overcast clouds
104,Oksbol,DK,55.63,8.29,61.0,82,66,12.75,broken clouds
105,Whitianga,NZ,-36.83,175.7,52.03,73,0,1.66,clear sky
106,Normandin,CA,48.83,-72.53,48.2,66,75,6.93,broken clouds
107,Nyimba,ZM,-14.56,30.81,86.61,21,0,13.2,clear sky
108,North Bend,US,43.41,-124.22,63.0,100,90,9.17,mist
109,Airai,TL,-8.93,125.41,58.08,67,9,3.22,clear sky
110,Ajdabiya,LY,30.76,20.23,87.6,29,0,11.88,clear sky
111,Vila Velha,BR,-20.33,-40.29,87.01,58,0,19.46,clear sky
112,Mahajanga,MG,-15.72,46.32,80.6,78,40,11.41,scattered clouds
113,Butaritari,KI,3.07,172.79,80.29,71,0,13.15,clear sky
114,Tasiilaq,GL,65.61,-37.64,39.2,60,75,20.8,light intensity shower rain
115,Klyuchi,RU,52.27,79.17,40.62,68,0,1.12,clear sky
116,Ucluelet,CA,48.93,-125.55,63.0,93,5,5.82,clear sky
117,Port Keats,AU,-14.25,129.55,80.17,76,100,5.08,overcast clouds
118,Provideniya,RU,64.38,-173.3,40.86,90,100,15.1,overcast clouds
119,Kahului,US,20.89,-156.47,86.0,62,20,6.93,few clouds
120,Berlevag,NO,70.86,29.09,44.6,81,40,5.82,scattered clouds
121,Kapaa,US,22.08,-159.32,78.8,78,1,8.05,clear sky
122,Bluff,NZ,-46.6,168.33,54.0,64,93,5.99,light rain
123,Chokurdakh,RU,70.63,147.92,24.24,99,64,5.88,broken clouds
124,Poum,NC,-20.23,164.02,70.83,69,0,17.11,clear sky
125,Port Elizabeth,ZA,-33.92,25.57,60.8,77,90,21.92,overcast clouds
126,Baykalsk,RU,51.51,104.15,33.37,85,100,10.87,overcast clouds
127,Upernavik,GL,72.79,-56.15,29.88,86,100,6.58,overcast clouds
128,Sibolga,ID,1.74,98.78,76.89,80,100,3.09,light rain
129,Oltu,TR,40.55,42.0,56.41,71,1,3.38,clear sky
130,Cervo,ES,43.67,-7.41,59.0,1,93,23.15,overcast clouds
131,Cockburn Town,TC,21.46,-71.14,87.8,66,40,13.87,scattered clouds
132,Hermanus,ZA,-34.42,19.23,57.0,89,99,5.99,overcast clouds
133,Napasar,IN,27.97,73.55,83.53,15,0,2.28,clear sky
134,Kalemie,CD,-5.95,29.19,76.75,59,0,4.5,clear sky
135,Cherskiy,RU,68.75,161.3,29.75,89,72,4.97,broken clouds
136,High Level,CA,58.52,-117.14,55.4,54,20,11.41,few clouds
137,Okhotsk,RU,59.38,143.3,43.03,72,100,3.53,overcast clouds
138,Kitimat,CA,54.05,-128.65,66.0,87,10,2.21,clear sky
139,Manokwari,ID,-0.87,134.08,79.83,76,90,2.64,overcast clouds
140,Grindavik,IS,63.84,-22.43,41.0,93,40,8.05,scattered clouds
141,Ilebo,CD,-4.32,20.58,73.47,88,100,3.29,moderate rain
142,Caravelas,BR,-17.71,-39.25,81.91,57,16,10.42,few clouds
143,San Carlos De Bariloche,AR,-41.15,-71.31,39.99,69,75,17.22,light snow
144,Yumen,CN,40.28,97.2,38.98,57,0,7.54,clear sky
145,Roros,NO,62.57,11.38,46.4,93,77,8.05,broken clouds
146,Zhigansk,RU,66.77,123.37,31.28,92,100,21.85,overcast clouds
147,Chabahar,IR,25.29,60.64,84.2,79,0,11.41,clear sky
148,Atuona,PF,-9.8,-139.03,78.04,77,7,21.07,light rain
149,Siuna,NI,13.73,-84.78,83.3,82,100,2.98,overcast clouds
150,Salta,AR,-24.79,-65.41,80.6,30,0,8.05,clear sky
151,Fort Nelson,CA,58.81,-122.7,48.2,61,40,3.36,scattered clouds
152,Hasaki,JP,35.73,140.83,60.8,93,20,5.82,fog
153,Mikhaylovka,RU,50.06,43.24,57.99,46,100,7.0,overcast clouds
154,Bambous Virieux,MU,-20.34,57.76,71.01,83,40,3.36,scattered clouds
155,Quincy,US,42.25,-71.0,63.0,67,100,11.41,overcast clouds
156,Weston-Super-Mare,GB,51.35,-2.98,54.0,100,100,16.11,moderate rain
157,Aksarka,RU,66.56,67.8,37.89,83,100,24.23,overcast clouds
158,Dingle,PH,11.0,122.67,76.91,89,85,1.1,overcast clouds
159,Carmarthen,GB,51.86,-4.31,53.6,87,100,23.04,moderate rain
160,Ojos De Agua,HN,14.7,-88.82,76.59,77,4,4.12,clear sky
161,Kapchorwa,UG,1.4,34.45,59.43,81,24,4.68,few clouds
162,Carnarvon,AU,-24.87,113.63,62.6,67,90,23.04,overcast clouds
163,Mount Pleasant,US,32.79,-79.86,75.0,60,20,6.93,few clouds
164,Half Moon Bay,US,37.46,-122.43,82.99,64,0,6.87,smoke
165,New Norfolk,AU,-42.78,147.06,54.0,75,25,1.01,light rain
166,Beringovskiy,RU,63.05,179.32,42.1,89,100,27.98,light rain
167,Pevek,RU,69.7,170.31,33.4,87,92,4.63,overcast clouds
168,Montepuez,MZ,-13.13,39.0,72.79,69,0,7.54,clear sky
169,Akdepe,TM,42.06,59.38,55.4,47,0,6.93,clear sky
170,Vila Franca Do Campo,PT,37.72,-25.43,68.0,88,75,16.11,broken clouds
171,Kaitangata,NZ,-46.28,169.85,51.01,56,100,1.99,overcast clouds
172,General Cepeda,MX,25.38,-101.45,69.8,49,5,8.52,clear sky
173,Bandarbeyla,SO,9.49,50.81,77.86,86,62,9.44,broken clouds
174,Ust-Tsilma,RU,65.44,52.15,42.26,72,100,8.19,overcast clouds
175,Port Alfred,ZA,-33.59,26.89,61.5,75,100,25.61,overcast clouds
176,Saint Anthony,US,45.02,-93.22,48.99,42,75,5.82,broken clouds
177,Nikolskoye,RU,59.7,30.79,55.0,76,0,6.71,clear sky
178,Chitral,PK,35.85,71.79,62.2,35,0,1.45,clear sky
179,Wanning,CN,18.8,110.4,80.76,87,78,4.05,light rain
180,Vostok,RU,46.49,135.88,43.79,100,100,2.08,overcast clouds
181,Ostrovnoy,RU,68.05,39.51,43.16,65,100,4.34,overcast clouds
182,Chhatak,BD,25.03,91.67,79.52,85,100,1.88,light rain
183,Kankan,GN,10.39,-9.31,71.26,91,100,4.61,overcast clouds
184,Gat,IL,31.61,34.76,79.0,69,0,7.09,clear sky
185,Hithadhoo,MV,-0.6,73.08,83.57,72,99,8.7,overcast clouds
186,Kenitra,MA,34.26,-6.58,69.8,68,75,8.05,broken clouds
187,Sundargarh,IN,22.12,84.03,76.64,86,99,4.0,overcast clouds
188,Sao Filipe,CV,14.9,-24.5,82.06,71,100,18.23,overcast clouds
189,Husavik,IS,66.04,-17.34,37.4,69,100,3.29,overcast clouds
190,Saint-Philippe,RE,-21.36,55.77,70.0,77,4,4.7,clear sky
191,Tezu,IN,27.92,96.17,74.25,85,62,3.69,light rain
192,Vacaria,BR,-28.51,-50.93,73.0,69,98,8.01,overcast clouds
193,Abbeville,FR,50.1,1.83,57.0,72,100,7.54,light rain
194,Griffin,US,33.25,-84.26,69.01,29,1,6.93,clear sky
195,Ishigaki,JP,24.34,124.16,80.87,80,6,12.84,clear sky
196,Monrovia,LR,6.3,-10.8,80.6,88,75,8.05,broken clouds
197,Saskylakh,RU,71.92,114.08,22.69,96,48,16.22,scattered clouds
198,San Rafael,AR,-34.62,-68.33,60.31,32,90,22.84,overcast clouds
199,Sitka,US,57.05,-135.33,57.2,93,90,10.29,moderate rain
200,Ribeira Grande,PT,38.52,-28.7,73.4,64,40,11.41,scattered clouds
201,Souillac,MU,-20.52,57.52,69.8,83,40,3.36,scattered clouds
202,Mwense,ZM,-10.38,28.7,77.14,36,0,4.03,clear sky
203,Cabo San Lucas,MX,22.89,-109.91,93.2,58,5,5.82,clear sky
204,Jizan,SA,17.33,42.67,89.6,75,20,8.05,few clouds
205,Basag,PH,8.92,125.62,74.1,84,25,0.51,scattered clouds
206,Lukiv,UA,51.05,25.4,60.01,98,100,8.01,overcast clouds
207,Severnyy,RU,50.68,36.55,60.8,44,40,8.95,scattered clouds
208,Adrar,MR,20.5,-10.07,94.95,14,0,11.7,clear sky
209,Sioux Lookout,CA,50.1,-91.92,37.4,55,90,0.87,overcast clouds
210,Georgetown,MY,5.41,100.34,77.0,88,40,2.24,scattered clouds
211,Inhambane,MZ,-23.86,35.38,73.0,94,75,9.01,broken clouds
212,Kutum,SD,14.2,24.67,84.85,29,80,3.09,broken clouds
213,Murray Bridge,AU,-35.12,139.27,78.01,33,98,8.01,overcast clouds
214,Centralia,US,46.72,-122.95,59.0,100,90,0.36,mist
215,Lagoa,PT,39.05,-27.98,69.13,84,92,18.63,overcast clouds
216,Clyde River,CA,70.47,-68.59,28.4,92,75,16.11,light snow
217,Arlit,NE,18.74,7.39,98.01,17,36,7.38,scattered clouds
218,Beeville,US,28.4,-97.75,84.0,47,0,5.01,clear sky
219,Castro,BR,-24.79,-50.01,91.27,31,30,6.58,scattered clouds
220,Puerto Escondido,MX,15.85,-97.07,86.0,70,40,4.7,scattered clouds
221,Baykit,RU,61.67,96.37,31.73,95,100,4.52,overcast clouds
222,Torbay,CA,47.67,-52.73,61.0,93,90,9.17,overcast clouds
223,Gamba,GA,-2.65,10.0,76.41,83,19,6.11,few clouds
224,Dogondoutchi,NE,13.64,4.03,91.9,40,2,11.97,clear sky
225,Manado,ID,1.49,124.85,77.0,94,40,3.76,moderate rain
226,Shenjiamen,CN,29.96,122.3,72.72,82,0,6.89,clear sky
227,Ejby,DK,55.49,12.08,59.0,87,47,17.22,scattered clouds
228,Ocland,RO,46.17,25.42,55.0,83,83,3.27,broken clouds
229,Tahta,EG,26.77,31.5,89.6,27,0,16.11,clear sky
230,Kankakee,US,41.15,-87.87,57.0,43,1,4.7,clear sky
231,Huinan,CN,42.62,126.26,45.72,79,0,7.74,clear sky
232,Bukachacha,RU,52.98,116.92,40.08,88,100,5.32,overcast clouds
233,Los Llanos De Aridane,ES,28.66,-17.92,75.2,69,40,20.8,scattered clouds
234,Mariental,NA,-24.63,17.97,59.88,28,0,8.88,clear sky
235,Iqaluit,CA,63.75,-68.51,30.2,80,90,10.29,light snow
236,Sidi Ali,DZ,36.1,0.42,70.52,66,100,25.34,overcast clouds
237,Hecun,CN,36.53,114.11,59.05,35,82,2.17,light rain
238,Russell,US,32.35,-85.2,73.4,27,1,13.87,clear sky
239,Bexhill,AU,-28.77,153.35,62.01,93,90,2.77,overcast clouds
240,Alice Springs,AU,-23.7,133.88,75.0,12,45,1.12,scattered clouds
241,Sambava,MG,-14.27,50.17,71.82,85,37,1.57,scattered clouds
242,Beloha,MG,-25.17,45.05,66.7,71,93,9.35,overcast clouds
243,San Policarpo,PH,12.18,125.51,78.76,84,100,5.68,overcast clouds
244,Comodoro Rivadavia,AR,-45.87,-67.5,42.8,45,20,8.05,few clouds
245,Salalah,OM,17.02,54.09,78.8,78,0,2.24,clear sky
246,Klaksvik,FO,62.23,-6.59,50.0,100,100,17.22,overcast clouds
247,Nanzhang,CN,31.78,111.84,56.44,86,100,8.72,light rain
248,Kenai,US,60.55,-151.26,54.0,66,90,19.46,overcast clouds
249,Pochutla,MX,15.74,-96.47,88.0,70,75,11.41,broken clouds
250,Eshowe,ZA,-28.89,31.47,54.81,89,100,5.97,overcast clouds
251,Zhezkazgan,KZ,47.8,67.71,48.58,64,0,9.6,clear sky
252,Thanh Hoa,VN,19.8,105.77,77.54,94,84,3.02,broken clouds
253,Kamaishi,JP,39.27,141.88,60.73,82,100,6.26,overcast clouds
254,Tomatlan,MX,19.93,-105.25,93.63,32,0,5.1,clear sky
255,Sorland,NO,67.67,12.69,51.8,93,13,5.82,few clouds
256,Hamilton,US,39.18,-84.53,62.6,45,75,6.93,broken clouds
257,Surt,LY,31.21,16.59,87.82,33,94,12.68,overcast clouds
258,Baghdad,IQ,33.34,44.4,87.8,31,0,5.82,clear sky
259,Saint-Pierre,RE,-21.34,55.48,70.0,77,0,4.7,clear sky
260,Naze,JP,28.37,129.48,75.2,73,17,5.82,few clouds
261,Istisu,AZ,40.95,48.07,66.2,68,75,3.36,broken clouds
262,Antalaha,MG,-14.9,50.28,69.89,89,8,1.95,clear sky
263,Mount Gambier,AU,-37.83,140.77,66.2,52,25,16.11,scattered clouds
264,Dhuburi,IN,26.03,89.97,81.0,82,52,2.62,heavy intensity rain
265,East London,ZA,-33.02,27.91,60.8,82,75,17.22,broken clouds
266,Smidovich,RU,48.6,133.82,50.41,96,100,8.55,overcast clouds
267,Luwuk,ID,-0.95,122.79,77.88,78,100,6.35,overcast clouds
268,Hami,CN,42.8,93.45,46.96,45,0,5.28,clear sky
269,Vanimo,PG,-2.67,141.3,76.96,82,85,5.53,moderate rain
270,Tripoli,LY,32.88,13.19,87.39,43,100,16.51,overcast clouds
271,Asyut,EG,27.18,31.18,86.0,40,0,11.41,clear sky
272,Manuk Mangkaw,PH,4.8,119.85,84.09,68,97,2.17,overcast clouds
273,Nago,JP,26.59,127.98,78.8,88,1,9.35,clear sky
274,Coihaique,CL,-45.58,-72.07,44.6,24,0,8.05,clear sky
275,Tongliao,CN,43.61,122.27,43.79,62,0,8.48,clear sky
276,Aguimes,ES,27.91,-15.45,75.2,69,40,23.04,scattered clouds
277,Hurricane,US,37.18,-113.29,82.4,9,1,5.97,clear sky
278,San Quintin,MX,30.48,-115.95,87.64,29,0,11.92,clear sky
279,Omsukchan,RU,62.53,155.8,30.4,91,0,2.66,clear sky
280,Floriano,BR,-6.77,-43.02,102.07,15,100,8.43,overcast clouds
281,Lasem,ID,-6.69,111.45,79.0,82,24,9.78,few clouds
282,Muroto,JP,33.28,134.15,72.41,72,9,4.12,clear sky
283,Mount Isa,AU,-20.73,139.5,77.0,22,0,6.93,clear sky
284,Pisco,PE,-13.7,-76.22,69.01,72,20,11.41,few clouds
285,Broome,US,42.25,-75.83,61.0,54,90,8.05,overcast clouds
286,Noshiro,JP,40.2,140.02,59.13,84,100,5.06,overcast clouds
287,Raga,SS,8.46,25.68,71.85,89,40,3.78,moderate rain
288,Port Hardy,CA,50.7,-127.42,53.6,100,90,4.7,fog
289,Ola,RU,59.58,151.28,41.2,82,0,2.84,clear sky
290,Yerbogachen,RU,61.28,108.01,27.57,95,100,8.08,overcast clouds
291,Manta,EC,-0.95,-80.73,80.6,69,40,10.29,scattered clouds
292,Beroroha,MG,-21.67,45.17,77.14,32,0,0.63,clear sky
293,Jiangkou,CN,25.49,119.2,71.6,83,0,4.47,clear sky
294,Ukiah,US,39.15,-123.21,73.4,35,90,5.17,haze
295,Matamoros,MX,25.53,-103.25,77.0,27,5,8.01,clear sky
296,Derzhavinsk,KZ,51.1,66.32,50.11,72,82,2.98,broken clouds
297,Faanui,PF,-16.48,-151.75,78.26,79,7,20.47,clear sky
298,Bara,NG,10.37,10.73,73.54,81,0,2.73,clear sky
299,Khetri,IN,27.98,75.8,75.31,24,0,2.21,clear sky
300,Caxito,AO,-8.58,13.66,75.2,83,40,9.17,scattered clouds
301,Pangnirtung,CA,66.15,-65.71,32.0,84,75,9.17,broken clouds
302,Mastic,US,40.8,-72.84,62.01,76,90,8.05,overcast clouds
303,Anadyr,RU,64.75,177.48,35.6,93,75,8.95,light snow
304,Jiexiu,CN,37.02,111.91,53.38,46,8,5.3,clear sky
305,Ystad,SE,55.43,13.82,59.0,82,75,18.34,broken clouds
306,Novobirilyussy,RU,56.95,90.67,37.31,86,100,7.85,overcast clouds
307,Amarante Do Maranhao,BR,-5.57,-46.74,100.56,19,2,5.59,clear sky
308,Lyndon,US,38.26,-85.6,63.0,44,75,6.93,broken clouds
309,Bonavista,CA,48.65,-53.11,55.99,77,100,1.99,overcast clouds
310,Batagay-Alyta,RU,67.8,130.41,23.11,88,85,13.53,overcast clouds
311,Rancho Palos Verdes,US,33.74,-118.39,87.8,33,5,5.82,clear sky
312,Vestmannaeyjar,IS,63.44,-20.27,44.6,70,0,3.36,clear sky
313,Ambon,ID,-3.7,128.18,79.7,84,87,15.61,overcast clouds
314,Radom,PL,51.4,21.15,60.01,84,96,10.85,overcast clouds
315,Port-Gentil,GA,-0.72,8.78,80.6,74,40,13.87,scattered clouds
316,Tateyama,JP,34.98,139.87,68.0,91,0,1.99,clear sky
317,Pavlodar,KZ,52.3,76.95,33.8,62,54,5.19,broken clouds
318,Lambarene,GA,-0.7,10.24,78.89,76,92,2.91,overcast clouds
319,Riviere-Du-Loup,CA,47.83,-69.53,48.27,91,100,8.5,light rain
320,Thinadhoo,MV,0.53,72.93,83.26,74,97,12.33,light rain
321,Acurenam,GQ,1.03,10.65,69.31,98,52,3.49,broken clouds
322,San Miguelito,PA,9.03,-79.5,86.0,79,40,4.7,scattered clouds
323,Victoria,HK,22.29,114.16,82.0,80,23,1.99,light rain
324,Shingu,JP,33.73,135.98,65.5,82,98,5.23,overcast clouds
325,Maningrida,AU,-12.07,134.27,71.17,81,1,8.34,clear sky
326,Verkhnyaya Inta,RU,65.98,60.31,39.24,83,100,17.25,overcast clouds
327,Quatre Cocos,MU,-20.21,57.76,71.01,83,40,3.36,scattered clouds
328,Toora-Khem,RU,52.47,96.11,22.17,90,0,1.34,clear sky
329,Bontang,ID,0.13,117.5,77.95,86,57,4.74,broken clouds
330,Deputatskiy,RU,69.3,139.9,19.71,89,96,6.15,overcast clouds
331,Sinop,TR,41.77,34.87,55.69,77,0,4.05,clear sky
332,Itarema,BR,-2.92,-39.92,83.3,62,20,21.18,few clouds
333,Zarubino,RU,42.63,131.09,53.78,74,27,10.04,scattered clouds
334,Bathsheba,BB,13.22,-59.52,87.8,66,75,16.11,broken clouds
335,Aswan,EG,24.09,32.91,93.72,23,51,14.16,broken clouds
336,Fairview,US,40.81,-74.0,66.0,59,75,4.7,broken clouds
337,Ridgecrest,US,35.62,-117.67,95.0,8,0,2.8,clear sky
338,Fare,PF,-16.7,-151.02,78.85,77,0,18.86,clear sky
339,Ulaanbaatar,MN,47.91,106.88,24.8,62,75,11.18,broken clouds
340,Hambantota,LK,6.12,81.12,80.11,81,100,17.16,overcast clouds
341,Misratah,LY,32.38,15.09,89.22,35,100,14.41,overcast clouds
342,Meredith,US,43.66,-71.5,53.6,93,90,2.8,light rain
343,Nunoa,PE,-14.48,-70.64,58.95,39,56,12.91,moderate rain
344,Vibo Valentia,IT,38.7,16.13,75.2,83,100,13.87,overcast clouds
345,San Patricio,MX,19.22,-104.7,86.0,74,20,11.41,few clouds
346,Ambilobe,MG,-13.2,49.05,72.64,82,58,4.9,broken clouds
347,Hornepayne,CA,49.21,-84.77,37.44,79,100,4.85,overcast clouds
348,Parkes,AU,-33.13,148.18,50.0,75,0,4.99,clear sky
349,Neumunster,DE,54.07,9.98,57.99,87,58,10.0,broken clouds
350,Prince George,CA,53.92,-122.75,50.0,100,90,1.07,mist
351,Villazon,BO,-22.09,-65.59,69.55,24,98,14.12,overcast clouds
352,Kirkuk,IQ,35.47,44.39,76.86,21,0,2.73,clear sky
353,Mehamn,NO,71.04,27.85,44.6,81,40,5.82,scattered clouds
354,Pontes E Lacerda,BR,-15.23,-59.34,82.42,56,99,10.45,overcast clouds
355,Lusambo,CD,-4.97,23.45,72.91,89,64,1.07,moderate rain
356,Lompoc,US,34.64,-120.46,93.0,30,1,6.93,clear sky
357,Tiarei,PF,-17.53,-149.33,80.6,69,20,3.36,few clouds
358,Tulun,RU,54.56,100.58,26.67,94,0,1.63,clear sky
359,Luanda,AO,-8.84,13.23,75.2,83,40,9.17,scattered clouds
360,Roma,US,43.21,-75.46,60.8,55,20,3.36,few clouds
361,Alofi,NU,-19.06,-169.92,75.2,100,87,8.05,overcast clouds
362,Gidam,IN,18.98,81.4,71.65,77,100,1.83,overcast clouds
363,Jaciara,BR,-15.97,-54.97,103.35,17,69,9.17,broken clouds
364,Curuca,BR,-0.73,-47.85,82.83,75,100,9.04,light rain
365,Ziebice,PL,50.6,17.04,57.2,87,97,11.41,overcast clouds
366,Voloshka,RU,61.33,40.09,46.53,91,0,1.23,clear sky
367,Kasiri,SL,8.94,-13.11,79.75,85,100,6.93,overcast clouds
368,Chuka,KE,-0.33,37.65,67.87,72,84,0.76,light rain
369,Idenao,CM,4.25,9.0,78.8,100,75,4.7,light intensity drizzle
370,Fowa,NG,8.92,6.4,75.29,81,34,4.0,scattered clouds
371,Atar,MR,20.52,-13.05,102.2,26,0,11.41,clear sky
372,Nanortalik,GL,60.14,-45.24,39.18,90,100,12.03,light rain
373,Tura,IN,25.52,90.22,74.98,87,17,1.77,moderate rain
374,Coahuayana,MX,18.73,-103.68,82.4,37,5,23.04,clear sky
375,Buraydah,SA,26.33,43.98,89.6,21,0,8.05,clear sky
376,Baruun-Urt,MN,46.68,113.28,29.1,92,100,9.08,overcast clouds
377,Sao Miguel Do Iguacu,BR,-25.35,-54.24,104.0,24,93,8.05,overcast clouds
378,Te Anau,NZ,-45.42,167.72,48.06,87,99,6.8,overcast clouds
379,Liberal,US,37.04,-100.92,73.4,27,1,24.16,clear sky
380,Wesselsbron,ZA,-27.85,26.37,66.0,75,0,3.0,clear sky
381,Pemagatsel,BT,27.03,91.43,60.55,99,99,3.49,moderate rain
382,Tambo,PE,-14.8,-73.92,52.29,44,90,10.07,overcast clouds
383,Nkowakowa,ZA,-23.89,30.29,57.2,87,75,20.8,broken clouds
384,Goderich,CA,43.75,-81.72,51.01,77,100,17.6,overcast clouds
385,Haines Junction,CA,60.75,-137.51,48.34,77,100,6.29,overcast clouds
386,Kloulklubed,PW,7.04,134.26,75.2,94,90,7.31,overcast clouds
387,Kungurtug,RU,50.6,97.52,19.17,91,2,0.54,clear sky
388,Talnakh,RU,69.49,88.4,30.2,100,75,15.66,light shower snow
389,Wynyard,AU,-41.0,145.72,51.01,82,70,3.0,light rain
390,Richards Bay,ZA,-28.78,32.04,62.96,74,96,5.28,overcast clouds
391,Miandrivazo,MG,-19.52,45.47,77.0,65,67,1.36,broken clouds
392,Port Macquarie,AU,-31.43,152.92,53.01,93,75,2.24,broken clouds
393,Salou,ES,41.08,1.14,57.0,66,20,6.93,few clouds
394,Rawson,AR,-43.3,-65.1,43.66,58,56,15.79,broken clouds
395,Banepa,NP,27.63,85.52,69.8,88,75,3.36,broken clouds
396,Tari,NG,12.41,4.49,82.71,65,67,9.6,broken clouds
397,Abilene,US,32.45,-99.73,75.99,33,1,11.41,clear sky
398,Castelvetro Di Modena,IT,44.51,10.95,69.01,59,100,4.0,overcast clouds
399,Pervomayskiy,RU,53.25,40.29,55.96,52,100,9.22,overcast clouds
400,Khandyga,RU,62.67,135.6,29.44,95,93,1.86,overcast clouds
401,Camocim,BR,-2.9,-40.84,86.81,54,42,21.7,scattered clouds
402,Dongfeng,CN,42.64,125.51,44.08,76,0,8.93,clear sky
403,Luebo,CD,-5.35,21.42,72.99,84,44,2.71,scattered clouds
404,Araouane,ML,18.9,-3.53,96.85,25,26,7.96,scattered clouds
405,Ko Samui,TH,9.54,99.94,82.33,76,100,15.46,moderate rain
406,Moose Factory,CA,51.26,-80.61,41.0,60,90,9.17,overcast clouds
407,Turayf,SA,31.67,38.66,82.4,28,0,11.41,clear sky
408,Belaya Gora,RU,68.53,146.42,28.17,92,100,4.21,overcast clouds
409,Cangucu,BR,-31.39,-52.68,57.0,90,100,8.01,heavy intensity rain
410,San Juan,AR,-31.54,-68.54,69.35,22,0,17.43,clear sky
411,Galle,LK,6.04,80.22,79.99,83,100,11.81,overcast clouds
412,Burnie,AU,-41.07,145.92,52.0,82,81,3.0,broken clouds
413,Casas Grandes,MX,30.37,-107.95,86.0,10,0,4.0,clear sky
414,Merauke,ID,-8.47,140.33,77.45,82,100,14.85,overcast clouds
415,Tiznit,MA,29.58,-9.5,63.66,80,100,8.19,overcast clouds
416,Alugan,PH,12.22,125.48,78.37,85,100,5.37,overcast clouds
417,Kirakira,SB,-10.45,161.92,76.82,79,44,5.7,scattered clouds
418,Nantucket,US,41.28,-70.1,69.8,77,90,5.82,overcast clouds
419,Wajima,JP,37.4,136.9,69.71,71,100,6.24,overcast clouds
420,Mezhdurechensk,RU,53.69,88.06,31.21,97,1,1.83,clear sky
421,Lovozero,RU,68.0,35.01,42.01,77,100,6.6,overcast clouds
422,Buala,SB,-8.14,159.59,78.55,77,100,8.59,overcast clouds
423,Tiksi,RU,71.69,128.87,27.66,94,100,20.65,overcast clouds
424,Port Hedland,AU,-20.32,118.57,73.4,69,74,9.17,light rain
425,Auki,SB,-8.77,160.7,74.01,79,99,5.75,overcast clouds
426,Northam,GB,51.03,-4.22,53.01,97,100,13.0,moderate rain
427,Felanitx,ES,39.47,3.15,59.0,77,75,10.29,broken clouds
428,Camopi,GF,3.17,-52.32,93.96,38,80,3.31,broken clouds
429,Evensk,RU,61.95,159.23,34.79,78,0,2.89,clear sky
430,Erenas,PH,12.42,124.32,82.06,79,21,4.74,few clouds
431,Ust-Maya,RU,60.42,134.53,29.39,92,74,3.69,broken clouds
432,San Pedro,PH,14.35,121.02,79.0,94,90,2.24,light rain
433,Itaituba,BR,-4.28,-55.98,98.71,32,87,2.62,overcast clouds
434,Boquira,BR,-12.82,-42.73,97.36,13,3,8.05,clear sky
435,Cape Canaveral,US,28.41,-80.6,81.0,54,20,11.41,few clouds
436,Sinnamary,GF,5.38,-52.95,83.62,73,95,9.91,overcast clouds
437,Sao Joao Da Barra,BR,-21.64,-41.05,89.6,46,0,13.87,clear sky
438,Vallenar,CL,-28.57,-70.76,77.56,19,41,10.51,scattered clouds
439,Menzelinsk,RU,55.73,53.1,53.6,66,77,6.71,broken clouds
440,Naron,ES,43.52,-8.15,59.0,81,40,8.05,scattered clouds
441,Kandrian,PG,-6.22,149.55,74.17,87,71,3.47,broken clouds
442,Petropavlovsk-Kamchatskiy,RU,53.05,158.65,37.4,100,0,6.71,clear sky
443,Yaan,NG,7.38,8.57,72.54,91,88,3.09,overcast clouds
444,Lavrentiya,RU,65.58,-171.0,42.42,90,96,10.13,light rain
445,Dubbo,AU,-32.25,148.62,44.6,93,0,8.05,clear sky
446,Yakeshi,CN,49.28,120.73,39.87,91,95,3.15,overcast clouds
447,Shizunai,JP,42.33,142.37,61.63,84,100,13.42,light rain
448,Marienburg,PL,54.04,19.03,57.0,100,100,11.45,overcast clouds
449,Taoudenni,ML,22.68,-3.98,99.18,9,29,4.36,scattered clouds
450,Sola,VU,-13.88,167.55,79.36,82,21,15.28,few clouds
451,Biltine,TD,14.53,20.92,89.11,36,0,5.46,clear sky
452,Rio Gallegos,AR,-51.62,-69.22,44.6,33,100,12.75,overcast clouds
453,Marevo,RU,57.31,32.08,54.79,76,83,8.46,broken clouds
454,Kaitong,CN,44.81,123.15,45.64,65,0,13.18,clear sky
455,Maceio,BR,-9.67,-35.74,82.4,61,40,11.41,scattered clouds
456,Tres Lagoas,BR,-20.75,-51.68,109.22,8,27,10.96,scattered clouds
457,Turukhansk,RU,65.82,87.98,42.69,97,100,12.84,light rain
458,Tapah,MY,4.2,101.26,75.2,88,40,3.36,heavy intensity rain
459,Calvinia,ZA,-31.47,19.78,52.29,65,0,5.7,clear sky
460,Diamantino,BR,-14.41,-56.45,95.04,29,93,6.06,overcast clouds
461,Nelson Bay,AU,-32.72,152.15,53.01,93,0,4.94,very heavy rain
462,Ipil,PH,7.75,122.52,75.97,89,90,3.89,overcast clouds
463,Ahipara,NZ,-35.17,173.17,52.27,83,46,5.3,scattered clouds
464,Yulara,AU,-25.24,130.99,75.2,16,0,3.36,clear sky
465,Nieuw Amsterdam,SR,5.88,-55.08,89.6,55,40,4.7,scattered clouds
466,Breasta,RO,44.33,23.68,64.0,67,86,4.7,overcast clouds
467,Bima,ID,-8.47,118.72,75.4,84,97,2.64,overcast clouds
468,Acapulco,MX,16.86,-99.89,86.0,79,20,9.17,few clouds
469,Linjiang,CN,41.81,126.91,43.14,84,0,1.92,clear sky
470,Donskoye,RU,45.46,41.97,60.8,67,40,15.66,scattered clouds
471,Gigmoto,PH,13.78,124.39,80.17,81,57,4.54,broken clouds
472,Aleksandrovsk-Sakhalinskiy,RU,50.9,142.16,45.7,84,100,7.0,overcast clouds
473,Hay River,CA,60.82,-115.8,42.8,100,90,2.24,fog
474,Gizo,SB,-8.1,156.84,81.19,72,100,6.85,light rain
475,Portland,US,45.52,-122.68,62.6,82,20,3.36,mist
476,Yenotayevka,RU,47.25,47.03,57.0,91,92,10.89,overcast clouds
477,Daru,PG,-9.08,143.21,77.36,85,98,21.23,light rain
478,Lodja,CD,-3.48,23.43,71.94,91,84,2.01,broken clouds
479,Vila Frescainha,PT,41.54,-8.64,57.0,82,40,4.7,shower rain
480,Egvekinot,RU,66.32,-179.17,31.78,94,100,21.34,overcast clouds
481,Ilhabela,BR,-23.78,-45.36,90.48,51,0,3.71,clear sky
482,Chapais,CA,49.78,-74.85,42.8,70,75,8.05,broken clouds
483,Oum Hadjer,TD,13.3,19.7,89.62,48,0,0.98,clear sky
484,Laguna,US,38.42,-121.42,84.99,32,1,3.36,haze
485,Shihezi,CN,44.3,86.03,46.53,49,0,3.74,clear sky
486,Starachowice,PL,51.04,21.07,55.0,1,100,7.99,overcast clouds
487,Padang,ID,-0.95,100.35,75.69,82,100,6.62,moderate rain
488,Codrington,AU,-38.27,141.97,69.73,34,0,16.6,clear sky
489,Fairbanks,US,64.84,-147.72,55.0,46,1,9.17,clear sky
490,Komsomolskiy,UZ,40.43,71.72,57.2,58,6,6.93,clear sky
491,Opuwo,NA,-18.06,13.84,64.49,27,0,6.62,clear sky
492,Buchanan,LR,5.88,-10.05,80.6,88,75,8.05,broken clouds
493,Cherepanovo,RU,54.22,83.38,36.03,84,0,5.14,clear sky
494,Moree,AU,-29.47,149.85,57.2,67,0,12.75,clear sky
495,Sao Fidelis,BR,-21.65,-41.75,89.6,46,2,13.87,clear sky
496,Pringsewu,ID,-5.36,104.97,74.71,87,100,5.03,overcast clouds
497,Sovetskiy,RU,61.36,63.58,48.88,83,37,8.46,scattered clouds
498,Syracuse,IT,37.09,15.28,77.0,88,40,8.05,scattered clouds
499,Grand-Lahou,CI,5.14,-5.02,75.92,89,100,8.08,overcast clouds
500,Mahon,ES,39.89,4.27,62.6,88,75,14.99,broken clouds
501,Tahoua,NE,14.89,5.27,89.6,55,100,4.7,light rain
502,Luganville,VU,-15.53,167.17,75.2,88,75,10.29,broken clouds
503,Pachino,IT,36.72,15.09,77.0,69,1,3.36,clear sky
504,Erzin,TR,36.96,36.2,75.99,73,0,1.77,clear sky
505,Mpika,ZM,-11.83,31.45,70.63,23,0,8.93,clear sky
506,Hobyo,SO,5.35,48.53,77.94,89,61,17.29,broken clouds
507,Miri,MY,4.41,114.01,77.0,94,40,5.82,light rain
508,Tariba,VE,7.82,-72.22,95.0,36,40,25.28,scattered clouds
509,Sabang,ID,5.89,95.32,82.44,77,94,18.68,moderate rain
510,Saint-Francois,FR,46.42,3.91,51.8,93,100,4.7,moderate rain
511,Grand Gaube,MU,-20.01,57.66,71.01,77,5,1.99,clear sky
512,Mayskiy,RU,47.69,40.1,69.8,32,20,17.9,light intensity shower rain
513,Dharchula,IN,29.85,80.53,62.58,55,0,3.74,clear sky
514,Mountain Home,US,43.13,-115.69,68.0,28,1,4.7,clear sky
515,Krasnogvardeyskoye,RU,45.85,41.52,62.31,56,100,14.79,overcast clouds
516,Shar,KZ,49.59,81.05,38.62,80,0,4.7,clear sky
517,Sarangpur,IN,23.57,76.47,74.8,52,0,6.64,clear sky
518,Prince Rupert,CA,54.32,-130.32,60.8,87,90,3.36,overcast clouds
519,Ugoofaaru,MV,5.67,73.0,82.13,74,95,12.19,overcast clouds
520,Mayo,US,38.89,-76.51,66.99,52,40,9.17,scattered clouds
521,Punta Alta,AR,-38.88,-62.07,49.35,50,0,19.75,clear sky
522,Antsohihy,MG,-14.88,47.99,72.37,92,0,3.76,clear sky
523,Nishihara,JP,26.18,127.76,78.8,65,20,6.93,few clouds
524,Hovd,MN,48.01,91.64,31.46,87,0,1.25,clear sky
525,Birin,NP,26.89,88.07,77.0,94,75,2.19,broken clouds
526,Magadan,RU,59.57,150.8,41.79,77,0,3.02,clear sky
527,Port Blair,IN,11.67,92.75,81.07,84,100,13.73,light rain
528,Bira,RU,49.0,132.47,47.71,95,100,3.02,overcast clouds
529,Ginda,IN,30.69,78.49,59.34,49,0,4.99,clear sky
530,Iquitos,PE,-3.75,-73.25,91.4,52,75,5.82,broken clouds
531,Snasa,NO,64.25,12.38,55.4,66,38,20.8,scattered clouds
532,Jardim,BR,-21.48,-56.14,106.39,14,0,7.96,clear sky
533,Umba,RU,66.69,34.34,45.66,78,94,8.34,overcast clouds
534,Abnub,EG,27.27,31.15,86.0,40,0,11.41,clear sky
535,Timra,SE,62.49,17.33,50.0,87,93,5.82,overcast clouds
536,Rawlins,US,41.79,-107.24,66.99,16,1,9.17,clear sky
537,Patnanungan,PH,14.78,122.18,82.08,77,100,6.62,overcast clouds
538,Key Largo,US,25.09,-80.45,84.0,1,100,5.01,overcast clouds
539,Camacha,PT,33.08,-16.33,71.6,78,40,19.46,scattered clouds
540,Channel-Port Aux Basques,CA,47.57,-59.14,58.96,80,84,12.37,broken clouds
541,Geraldton,AU,-28.77,114.6,53.6,81,75,9.17,broken clouds
542,Padre Bernardo,BR,-15.35,-48.5,99.03,12,22,9.24,few clouds
543,Illela,NG,13.73,5.3,91.09,41,32,11.7,scattered clouds
544,Karratha,AU,-20.74,116.85,69.44,51,14,10.29,few clouds
545,Sapele,NG,5.89,5.68,75.67,92,100,3.96,overcast clouds
546,Turkmenabat,TM,39.07,63.58,60.8,31,0,6.93,clear sky
547,Sortland,NO,68.69,15.42,51.01,93,0,8.05,clear sky
548,Szentes,HU,46.65,20.27,64.99,95,0,10.45,clear sky
549,Yermakovskoye,RU,53.28,92.4,29.23,96,0,4.03,clear sky
550,Rumia,PL,54.57,18.39,60.01,87,75,12.75,broken clouds
551,Gadsden,US,34.01,-86.01,66.2,42,1,6.93,clear sky
552,Sao Felix Do Xingu,BR,-6.64,-51.99,99.45,25,89,2.06,overcast clouds
553,Esmeraldas,BR,-19.76,-44.31,95.0,21,1,8.05,clear sky
554,Flin Flon,CA,54.77,-101.86,48.2,66,75,3.36,broken clouds
555,Kushima,JP,31.46,131.23,67.32,81,22,4.72,few clouds
556,Zhireken,RU,52.82,117.31,39.63,90,100,7.36,overcast clouds
557,Bang Saphan,TH,11.21,99.51,77.14,90,100,4.12,overcast clouds
558,Chake Chake,TZ,-5.25,39.77,76.69,82,5,7.67,clear sky
559,Sur,OM,22.57,59.53,83.1,47,0,6.78,clear sky
560,Waingapu,ID,-9.66,120.26,77.14,82,8,9.04,clear sky
561,Dafeng,CN,23.45,108.59,76.51,90,43,2.68,light rain
562,Asau,RO,46.43,26.4,50.0,98,100,3.62,overcast clouds
563,Waterloo,CA,43.47,-80.52,55.0,76,90,3.36,overcast clouds
564,Kargasok,RU,59.06,80.86,46.17,96,99,8.81,overcast clouds
565,Darhan,MN,49.49,105.92,28.92,84,100,3.83,overcast clouds
566,Lazaro Cardenas,MX,17.96,-102.2,87.58,60,0,1.83,clear sky
567,Flinders,AU,-34.58,150.86,57.99,60,0,4.72,clear sky
568,Okato,NZ,-39.2,173.88,48.0,93,65,3.0,broken clouds
569,Belyy Yar,RU,53.6,91.39,26.6,92,11,4.47,mist
570,Novosysoyevka,RU,44.23,133.36,47.46,95,74,4.03,broken clouds
571,Dogbo,BJ,6.82,1.78,76.41,84,21,4.97,few clouds
572,Quzhou,CN,28.96,118.87,69.08,82,48,3.6,scattered clouds
573,Lardos,GR,36.09,28.02,73.4,69,0,9.17,clear sky
574,Creel,MX,27.75,-107.63,69.03,26,0,12.28,clear sky
575,Cambridge,CA,43.36,-80.31,55.0,76,90,3.36,overcast clouds
576,Jacqueville,CI,5.21,-4.41,80.6,83,20,8.05,few clouds
577,Puerto Baquerizo Moreno,EC,-0.9,-89.6,73.4,73,40,17.22,scattered clouds
578,Umm Kaddadah,SD,13.6,26.69,92.7,28,62,8.48,broken clouds
579,Tyukalinsk,RU,55.87,72.2,47.89,91,11,7.43,few clouds
580,Lasa,IT,46.62,10.7,57.0,100,90,13.87,overcast clouds
581,Cam Ranh,VN,11.92,109.16,82.4,74,20,2.24,few clouds
582,Sao Francisco,BR,-15.95,-44.86,99.91,11,97,7.11,overcast clouds
583,Vaitape,PF,-16.52,-151.75,79.14,77,10,20.36,clear sky
584,Bhairab Bazar,BD,24.07,90.97,82.4,78,40,3.8,haze
585,Ciudad Real,ES,39.0,-4.0,55.99,68,0,10.63,clear sky
586,Namtsy,RU,62.72,129.67,30.2,74,40,2.24,scattered clouds
587,Kudahuvadhoo,MV,2.67,72.89,82.36,77,100,11.54,overcast clouds
588,Okha,RU,53.57,142.95,44.8,83,100,5.57,overcast clouds
589,Chumikan,RU,54.72,135.31,46.71,82,100,10.47,overcast clouds
590,Sassandra,CI,4.95,-6.08,76.5,87,100,7.67,overcast clouds
591,Coquimbo,CL,-29.95,-71.34,59.0,62,40,10.29,scattered clouds
592,Presidente Olegario,BR,-18.42,-46.42,96.01,25,55,5.99,broken clouds
593,Kosh-Agach,RU,50.0,88.67,27.34,80,0,1.32,clear sky
594,Palana,RU,59.12,159.97,35.55,86,0,1.28,clear sky
595,Mackay,AU,-21.15,149.2,64.4,93,75,4.7,broken clouds
596,Lac Du Bonnet,CA,50.25,-96.06,44.01,99,47,2.26,scattered clouds
597,Phonhong,LA,18.5,102.42,75.92,93,100,1.07,light rain
598,Broken Hill,AU,-31.95,141.43,60.8,51,0,9.17,clear sky
599,Krasnoselkup,RU,65.7,82.47,43.39,94,100,8.16,overcast clouds
600,Ano Lekhonia,GR,39.33,23.05,71.6,68,20,5.7,few clouds
601,Constitucion,CL,-35.33,-72.42,55.2,57,0,14.34,clear sky
602,Tual,ID,-5.67,132.75,79.84,80,79,19.26,broken clouds
603,Pakxan,LA,18.38,103.66,75.43,94,94,3.24,overcast clouds
604,Aktas,KZ,49.78,72.96,26.6,92,0,6.71,clear sky
605,Whitehorse,CA,60.72,-135.05,48.2,57,75,17.22,broken clouds
606,Collie,AU,-33.37,116.15,41.0,74,0,3.58,clear sky
607,Yangjiang,CN,21.85,111.97,76.96,90,66,5.84,light rain
608,Mahibadhoo,MV,3.78,72.97,82.49,73,46,12.57,scattered clouds
609,Basud,PH,14.06,122.96,78.46,85,100,3.76,overcast clouds
610,Camana,PE,-16.62,-72.71,63.3,73,98,9.64,overcast clouds
611,Champerico,GT,14.3,-91.92,87.8,66,75,4.7,broken clouds
612,Vilkaviskis,LT,54.65,23.03,54.46,86,57,11.83,broken clouds
613,Key West,US,24.56,-81.78,82.4,74,75,4.7,broken clouds
614,Hofn,IS,64.25,-15.21,39.2,93,90,5.82,light rain
615,Kieta,PG,-6.22,155.63,77.88,77,100,4.45,overcast clouds
616,Sechura,PE,-5.56,-80.82,76.71,52,13,16.22,few clouds
617,Kapra,IN,17.48,78.56,80.01,88,40,4.7,scattered clouds
618,Genc,TR,38.75,40.56,58.14,58,0,1.48,clear sky
619,Campbell River,CA,50.02,-125.24,66.2,72,5,2.24,clear sky
620,Great Falls,US,47.5,-111.3,66.99,36,1,4.74,clear sky
621,Ancud,CL,-41.87,-73.82,50.0,37,0,12.75,clear sky
622,Lucapa,AO,-8.42,20.74,73.08,67,0,1.66,clear sky
623,Gama,ES,42.75,-4.21,55.0,65,20,9.17,few clouds
624,Porto Belo,BR,-27.16,-48.55,82.99,88,40,11.41,scattered clouds
625,Ranong,TH,9.97,98.63,80.02,81,94,7.45,moderate rain
626,Malakal,SS,9.53,31.66,76.53,74,11,1.19,light rain
627,Hervey Bay,AU,-25.3,152.85,64.0,89,2,3.0,clear sky
628,Howard Springs,AU,-12.5,131.05,78.8,83,92,2.24,overcast clouds
629,Oktyabrskoye,RU,43.06,44.74,57.0,93,99,6.71,overcast clouds
630,Havre-Saint-Pierre,CA,50.23,-63.6,55.4,76,75,4.7,broken clouds
631,Necochea,AR,-38.55,-58.74,48.0,67,0,11.99,clear sky
632,Amahai,ID,-3.33,128.92,78.03,87,100,7.2,overcast clouds
633,Tamandare,BR,-8.76,-35.1,79.21,69,100,11.14,overcast clouds
634,Yar-Sale,RU,66.83,70.83,38.23,83,100,24.65,overcast clouds
635,Menongue,AO,-14.66,17.69,74.5,43,87,1.3,overcast clouds
636,Tarnogskiy Gorodok,RU,60.5,43.58,47.89,93,3,3.67,clear sky
637,Pinawa,CA,50.15,-95.88,48.47,49,40,2.1,scattered clouds
638,Taree,AU,-31.9,152.47,51.8,93,2,3.36,clear sky
639,Cootamundra,AU,-34.65,148.03,52.0,82,0,3.0,clear sky
640,Khairagarh,IN,26.95,77.82,75.2,69,5,1.12,clear sky
641,Malazgirt,TR,39.14,42.54,54.84,49,0,1.36,clear sky
642,Puri,IN,19.8,85.85,78.8,94,40,5.82,thunderstorm
643,Podgornoye,RU,51.73,39.15,60.8,38,51,6.71,broken clouds
644,Kargopol,RU,61.51,38.95,46.71,91,0,2.01,clear sky
645,Srednekolymsk,RU,67.45,153.68,28.13,93,0,6.8,clear sky
646,Atambua,ID,-9.11,124.89,70.21,82,0,4.45,clear sky
647,Mombasa,KE,-4.05,39.66,78.8,78,20,5.82,few clouds
648,Tuntum,BR,-5.26,-44.65,102.88,17,100,5.57,overcast clouds
649,Trelew,AR,-43.25,-65.31,45.39,53,98,14.67,overcast clouds
650,Xixiang,CN,35.16,112.86,58.23,73,100,2.84,light rain
651,Suntar,RU,62.14,117.63,25.57,93,12,5.37,few clouds
652,Tessaoua,NE,13.76,7.99,91.83,37,86,4.27,overcast clouds
653,Tolaga Bay,NZ,-38.37,178.3,52.54,74,0,5.06,clear sky
654,Bayir,TR,37.27,28.22,68.0,52,0,5.82,clear sky
655,Lahij,YE,13.17,44.58,78.46,76,3,7.83,clear sky
656,Bubaque,GW,11.28,-15.83,81.7,77,0,8.81,clear sky
657,Genhe,CN,50.78,121.52,39.9,91,100,2.84,overcast clouds
658,Port Lincoln,AU,-34.73,135.87,70.5,34,10,15.59,clear sky
659,Tarata,BO,-17.62,-66.02,82.4,23,40,10.29,scattered clouds
660,Nikolayevsk-Na-Amure,RU,53.14,140.73,43.93,89,100,2.46,overcast clouds
661,Livny,RU,52.43,37.61,59.94,42,99,13.0,overcast clouds
662,Rockland,US,41.17,-74.05,64.99,64,37,1.99,scattered clouds
663,Ust-Nera,RU,64.57,143.2,25.21,84,8,6.58,clear sky
664,Rodrigues Alves,BR,-7.74,-72.65,94.19,37,100,0.85,overcast clouds
665,Margate,GB,51.38,1.39,60.01,97,100,4.0,light rain
666,Svetlyy,RU,54.67,20.13,59.0,82,75,8.95,broken clouds
667,Bardiyah,LY,31.76,25.09,75.4,73,0,13.2,clear sky
668,Lonar,IN,19.98,76.53,73.54,80,96,6.02,overcast clouds
669,Atagay,RU,55.1,99.39,27.81,95,0,3.11,clear sky
670,Bhatkal,IN,13.97,74.57,77.95,83,100,1.79,overcast clouds
671,Santa Vitoria Do Palmar,BR,-33.52,-53.37,56.17,62,0,18.95,clear sky
672,Lincoln,US,40.8,-96.67,64.0,36,1,3.36,clear sky
673,Rosarito,MX,32.33,-117.03,96.8,40,5,4.68,clear sky
674,Annau,TM,37.89,58.52,59.0,38,20,4.7,few clouds
675,Mayabon,PH,9.1,123.17,77.0,83,40,3.44,scattered clouds
676,Kuching,MY,1.55,110.33,75.2,94,40,4.7,light rain
677,Algiers,DZ,36.75,3.04,80.6,32,75,10.29,broken clouds
678,Depalpur,IN,22.85,75.55,78.8,78,75,3.36,haze
679,Zyryanka,RU,65.75,150.85,30.47,90,94,6.62,overcast clouds
680,Bonthe,SL,7.53,-12.51,79.23,86,100,6.24,overcast clouds
681,Lere,NG,10.39,8.57,70.66,79,86,2.28,overcast clouds
682,Gopalpur,IN,19.27,84.92,80.4,86,100,7.85,overcast clouds
683,Delijan,IR,33.99,50.68,67.3,27,20,1.97,few clouds
684,Clearlake,US,38.96,-122.63,73.4,52,90,1.43,smoke
685,Madang,PG,-5.22,145.8,73.72,85,100,6.96,overcast clouds
686,Bhindar,IN,24.5,74.18,76.78,44,0,3.29,clear sky
687,Yerofey Pavlovich,RU,53.97,121.97,40.73,85,100,6.02,overcast clouds
688,Belmonte,BR,-15.86,-38.88,80.6,61,20,17.22,few clouds
689,Skjervoy,NO,70.03,20.97,55.4,62,20,20.8,few clouds
690,Iaciara,BR,-14.1,-46.63,101.61,13,93,7.38,overcast clouds
691,Ixtapa,MX,20.7,-105.2,93.2,32,5,9.17,clear sky
692,Isetskoye,RU,56.49,65.32,48.79,90,0,7.92,clear sky
693,Faya,SA,18.39,42.45,71.6,15,0,14.99,clear sky
694,Itaquyry,PY,-24.93,-55.22,102.97,19,76,3.06,broken clouds
695,Zarya,RU,55.76,38.1,55.4,71,97,4.47,overcast clouds
696,Krasnaya Gora,RU,53.0,31.6,55.4,71,75,11.18,broken clouds
697,Colares,PT,38.8,-9.45,63.0,63,20,11.41,few clouds
698,Abu Dhabi,AE,24.47,54.37,89.6,59,0,3.36,clear sky
699,Masyaf,SY,35.07,36.34,73.4,69,0,3.36,clear sky
700,Yamada,JP,39.47,141.95,59.43,86,96,6.73,overcast clouds
701,Kojori,GE,41.66,44.7,66.2,82,75,12.75,broken clouds
702,Chara,RU,56.91,118.26,31.96,94,100,2.82,overcast clouds
703,Lorengau,PG,-2.02,147.27,80.13,80,96,9.26,overcast clouds
704,Riyadh,SA,24.69,46.72,89.6,14,0,6.93,clear sky
705,Taltal,CL,-25.4,-70.48,63.43,60,22,10.31,few clouds
706,Saint-Joseph,RE,-21.37,55.62,70.0,77,2,4.7,clear sky
707,Zhuhai,CN,22.28,113.57,82.4,78,40,9.17,light rain
708,Norman Wells,CA,65.28,-126.83,48.2,70,75,10.29,broken clouds
709,Kurilsk,RU,45.23,147.88,49.8,83,100,7.09,overcast clouds
710,Biloli,IN,18.77,77.73,75.49,83,95,6.42,overcast clouds
711,Senneterre,CA,48.38,-77.23,44.6,75,75,9.17,broken clouds
712,Dobson,US,36.4,-80.72,66.99,42,1,6.93,clear sky
713,Moba,CN,33.23,105.02,47.43,100,100,4.7,overcast clouds
